url,inbound_contextual_pages,outbound_contextual_links,outbound_contextual_pages,inbound_chrome_pages,in_sitemap,orphan,dead_end
/,1,2,2,583,True,False,False
/about/,1,4,4,583,True,False,False
/aces-fever-game-1-aja-wilson-38/,1,10,10,0,True,False,False
/contact/,1,2,2,583,True,False,False
/dream-mystics-game-1-howard-reese/,0,8,8,0,True,True,False
/fiba-womens-basketball-world-cup-2026/,0,13,13,574,True,True,False
/liberty-lynx-game-1-full-recap/,0,12,12,0,True,True,False
/liberty-lynx-game-1-ionescu-stewart/,1,8,8,0,True,False,False
/privacy/,2,0,0,583,True,False,True
/standings/,1,0,0,583,True,False,True
/terms/,1,1,1,583,True,False,False
/valkyries-wings-game-1-zandalasini/,0,10,10,0,True,True,False
/wnba/,572,569,569,583,True,False,False
/wnba/aaliyah-edwards/,1,3,1,0,True,False,False
/wnba/aaliyah-nye/,1,3,1,0,True,False,False
/wnba/aari-mcdonald/,1,3,1,0,True,False,False
/wnba/abby-bishop/,1,3,1,0,True,False,False
/wnba/ad-durr/,1,3,1,0,True,False,False
/wnba/adaora-elonu/,1,3,1,0,True,False,False
/wnba/adia-mathies/,1,3,1,0,True,False,False
/wnba/aerial-powers/,1,3,1,0,True,False,False
/wnba/aicha-coulibaly/,1,3,1,0,True,False,False
/wnba/aisha-sheppard/,1,3,1,0,True,False,False
/wnba/aja-wilson/,3,3,1,0,True,False,False
/wnba/alaina-coates/,1,3,1,0,True,False,False
/wnba/alana-beard/,1,3,1,0,True,False,False
/wnba/alanna-smith/,1,3,1,0,True,False,False
/wnba/alex-bentley/,1,3,1,0,True,False,False
/wnba/alex-harden/,1,3,1,0,True,False,False
/wnba/alex-montgomery/,1,3,1,0,True,False,False
/wnba/alex-wilson/,1,3,1,0,True,False,False
/wnba/alexis-gray-lawson/,1,3,1,0,True,False,False
/wnba/alexis-hornbuckle/,1,3,1,0,True,False,False
/wnba/alexis-jones/,1,3,1,0,True,False,False
/wnba/alexis-prince/,1,3,1,0,True,False,False
/wnba/alicia-florez-245094/,1,3,1,0,True,False,False
/wnba/alicia-florez/,1,3,1,0,True,False,False
/wnba/alissa-pili/,1,3,1,0,True,False,False
/wnba/aliyah-boston/,3,3,1,0,True,False,False
/wnba/allie-quigley/,1,3,1,0,True,False,False
/wnba/allisha-gray/,2,3,1,0,True,False,False
/wnba/allison-hightower/,1,3,1,0,True,False,False
/wnba/ally-malott/,1,3,1,0,True,False,False
/wnba/alysha-clark/,1,3,1,0,True,False,False
/wnba/alyssa-thomas/,1,3,1,0,True,False,False
/wnba/amanda-zahui-b/,1,3,1,0,True,False,False
/wnba/amber-harris/,1,3,1,0,True,False,False
/wnba/amber-holt/,1,3,1,0,True,False,False
/wnba/aminata-gueye/,1,3,1,0,True,False,False
/wnba/amy-atwell/,1,3,1,0,True,False,False
/wnba/amy-okonkwo/,1,3,1,0,True,False,False
/wnba/ana-dabovic/,1,3,1,0,True,False,False
/wnba/anastasiia-olairi-kosu/,1,3,1,0,True,False,False
/wnba/andrea-riley/,1,3,1,0,True,False,False
/wnba/aneesah-morrow/,1,3,1,0,True,False,False
/wnba/aneika-henry-morello/,1,3,1,0,True,False,False
/wnba/anete-jekabsone-zogota/,1,3,1,0,True,False,False
/wnba/angel-goodrich/,1,3,1,0,True,False,False
/wnba/angel-mccoughtry/,1,3,1,0,True,False,False
/wnba/angel-reese/,3,3,1,0,True,False,False
/wnba/angel-robinson/,1,3,1,0,True,False,False
/wnba/angela-dugalic/,1,3,1,0,True,False,False
/wnba/ann-wauters/,1,3,1,0,True,False,False
/wnba/anna-cruz/,1,3,1,0,True,False,False
/wnba/anneli-maley/,1,3,1,0,True,False,False
/wnba/antonia-delaere/,1,3,1,0,True,False,False
/wnba/april-sykes/,1,3,1,0,True,False,False
/wnba/arella-guirantes/,1,3,1,0,True,False,False
/wnba/ariel-atkins/,1,3,1,0,True,False,False
/wnba/arike-ogunbowale/,2,3,1,0,True,False,False
/wnba/armintie-herrington/,1,3,1,0,True,False,False
/wnba/ashley-robinson/,1,3,1,0,True,False,False
/wnba/ashley-walker/,1,3,1,0,True,False,False
/wnba/ashlon-jackson/,1,3,1,0,True,False,False
/wnba/ashten-prechtel/,1,3,1,0,True,False,False
/wnba/asia-taylor/,1,3,1,0,True,False,False
/wnba/asjha-jones/,1,3,1,0,True,False,False
/wnba/astou-ndour-fall/,1,3,1,0,True,False,False
/wnba/aubrey-griffin/,1,3,1,0,True,False,False
/wnba/avery-warley-talbert/,1,3,1,0,True,False,False
/wnba/awa-fam/,1,3,1,0,True,False,False
/wnba/awak-kuier/,1,3,1,0,True,False,False
/wnba/aziaha-james/,1,3,1,0,True,False,False
/wnba/azura-stevens/,1,3,1,0,True,False,False
/wnba/azzi-fudd/,1,3,1,0,True,False,False
/wnba/barbara-farris/,1,3,1,0,True,False,False
/wnba/beatrice-mompremier/,1,3,1,0,True,False,False
/wnba/becky-hammon/,2,3,1,0,True,False,False
/wnba/belinda-snell/,1,3,1,0,True,False,False
/wnba/bella-alarie/,1,3,1,0,True,False,False
/wnba/bernice-mosby/,1,3,1,0,True,False,False
/wnba/betnijah-laney-hamilton/,1,3,1,0,True,False,False
/wnba/betty-lennox/,1,3,1,0,True,False,False
/wnba/blake-dietrick/,1,3,1,0,True,False,False
/wnba/breanna-stewart/,4,3,1,0,True,False,False
/wnba/bree-hall/,1,3,1,0,True,False,False
/wnba/bria-hartley/,1,3,1,0,True,False,False
/wnba/bria-holmes/,1,3,1,0,True,False,False
/wnba/briana-butler/,1,3,1,0,True,False,False
/wnba/briann-january/,1,3,1,0,True,False,False
/wnba/brianna-kiesel/,1,3,1,0,True,False,False
/wnba/brianna-turner/,1,3,1,0,True,False,False
/wnba/bridget-carleton/,1,3,1,0,True,False,False
/wnba/brionna-jones/,1,3,1,0,True,False,False
/wnba/brittainey-raven/,1,3,1,0,True,False,False
/wnba/brittany-boyd-jones/,1,3,1,0,True,False,False
/wnba/brittney-griner/,1,3,1,0,True,False,False
/wnba/brittney-sykes/,1,3,1,0,True,False,False
/wnba/brooke-mccarty-williams/,1,3,1,0,True,False,False
/wnba/caitlin-bickle/,1,3,1,0,True,False,False
/wnba/caitlin-clark/,3,3,1,0,True,False,False
/wnba/cameron-brink/,1,3,1,0,True,False,False
/wnba/camille-little/,1,3,1,0,True,False,False
/wnba/camryn-taylor/,1,3,1,0,True,False,False
/wnba/candace-parker/,1,3,1,0,True,False,False
/wnba/candice-dupree/,1,3,1,0,True,False,False
/wnba/candice-wiggins/,1,3,1,0,True,False,False
/wnba/cappie-pondexter/,1,3,1,0,True,False,False
/wnba/carla-cortijo/,1,3,1,0,True,False,False
/wnba/carla-leite/,1,3,1,0,True,False,False
/wnba/carolyn-swords/,1,3,1,0,True,False,False
/wnba/cassandre-prosper/,1,3,1,0,True,False,False
/wnba/cathrine-kraayeveld/,1,3,1,0,True,False,False
/wnba/cayla-george/,1,3,1,0,True,False,False
/wnba/cecilia-zandalasini/,2,3,1,0,True,False,False
/wnba/celeste-taylor/,1,3,1,0,True,False,False
/wnba/celine-dumerc/,1,3,1,0,True,False,False
/wnba/chamique-holdsclaw/,1,3,1,0,True,False,False
/wnba/chance-gray/,1,3,1,0,True,False,False
/wnba/chante-black/,1,3,1,0,True,False,False
/wnba/charde-houston/,1,3,1,0,True,False,False
/wnba/charisma-osborne/,1,3,1,0,True,False,False
/wnba/charli-collier/,1,3,1,0,True,False,False
/wnba/charlisse-leger-walker/,1,3,1,0,True,False,False
/wnba/chelsea-dungee/,1,3,1,0,True,False,False
/wnba/chelsea-gray/,3,3,1,0,True,False,False
/wnba/chennedy-carter/,1,3,1,0,True,False,False
/wnba/cheryl-ford/,1,3,1,0,True,False,False
/wnba/cheyenne-parker-tyus/,1,3,1,0,True,False,False
/wnba/chiney-ogwumike/,1,3,1,0,True,False,False
/wnba/chloe-bibby/,1,3,1,0,True,False,False
/wnba/christyn-williams/,1,3,1,0,True,False,False
/wnba/cierra-burdick/,1,3,1,0,True,False,False
/wnba/clarissa-dos-santos/,1,3,1,0,True,False,False
/wnba/coco-miller/,1,3,1,0,True,False,False
/wnba/costanza-verona/,1,3,1,0,True,False,False
/wnba/cotie-mcmahon/,1,3,1,0,True,False,False
/wnba/courtney-clements/,1,3,1,0,True,False,False
/wnba/courtney-paris/,1,3,1,0,True,False,False
/wnba/courtney-vandersloot/,2,3,1,0,True,False,False
/wnba/courtney-williams/,1,3,1,0,True,False,False
/wnba/crystal-bradford/,1,3,1,0,True,False,False
/wnba/crystal-dangerfield/,1,3,1,0,True,False,False
/wnba/crystal-langhorne/,1,3,1,0,True,False,False
/wnba/damiris-dantas/,1,3,1,0,True,False,False
/wnba/dana-evans/,1,3,1,0,True,False,False
/wnba/danielle-adams/,1,3,1,0,True,False,False
/wnba/danielle-mccray/,1,3,1,0,True,False,False
/wnba/danielle-robinson/,1,3,1,0,True,False,False
/wnba/darianna-littlepage-buggs/,1,3,1,0,True,False,False
/wnba/davellyn-whyte/,1,3,1,0,True,False,False
/wnba/deanna-nolan/,1,3,1,0,True,False,False
/wnba/dearica-hamby/,1,3,1,0,True,False,False
/wnba/deja-kelly/,1,3,1,0,True,False,False
/wnba/delisha-milton-jones/,1,3,1,0,True,False,False
/wnba/demya-chakheia-walker/,1,3,1,0,True,False,False
/wnba/destanni-henderson/,1,3,1,0,True,False,False
/wnba/destiny-slocum/,1,3,1,0,True,False,False
/wnba/devereaux-peters/,1,3,1,0,True,False,False
/wnba/dewanna-bonner/,2,3,1,0,True,False,False
/wnba/diamond-deshields/,1,3,1,0,True,False,False
/wnba/diamond-miller/,1,3,1,0,True,False,False
/wnba/diana-taurasi/,1,3,1,0,True,False,False
/wnba/didi-richards/,1,3,1,0,True,False,False
/wnba/dijonai-carrington/,1,3,1,0,True,False,False
/wnba/dominique-canty/,1,3,1,0,True,False,False
/wnba/dominique-malonga/,1,3,1,0,True,False,False
/wnba/doneeka-lewis/,1,3,1,0,True,False,False
/wnba/dorka-juhasz/,1,3,1,0,True,False,False
/wnba/dulcy-fankam-mendjiadeu/,1,3,1,0,True,False,False
/wnba/ebony-hoffman/,1,3,1,0,True,False,False
/wnba/elena-buenavida/,1,3,1,0,True,False,False
/wnba/elena-delle-donne/,1,3,1,0,True,False,False
/wnba/eliska-joklova/,1,3,1,0,True,False,False
/wnba/elizabeth-balogun/,1,3,1,0,True,False,False
/wnba/elizabeth-kitley/,1,3,1,0,True,False,False
/wnba/elizabeth-williams/,1,3,1,0,True,False,False
/wnba/emese-hof/,1,3,1,0,True,False,False
/wnba/emily-engstler/,1,3,1,0,True,False,False
/wnba/emma-cannon/,1,3,1,0,True,False,False
/wnba/emma-cechova/,1,3,1,0,True,False,False
/wnba/emma-meesseman/,1,3,1,0,True,False,False
/wnba/epiphanny-prince/,1,3,1,0,True,False,False
/wnba/erica-mccall/,1,3,1,0,True,False,False
/wnba/erica-wheeler/,1,3,1,0,True,False,False
/wnba/erika-de-souza/,1,3,1,0,True,False,False
/wnba/erin-phillips/,1,3,1,0,True,False,False
/wnba/erin-thorn/,1,3,1,0,True,False,False
/wnba/erlana-larkins/,1,3,1,0,True,False,False
/wnba/essence-carson/,1,3,1,0,True,False,False
/wnba/evgeniia-belyakova/,1,3,1,0,True,False,False
/wnba/ewelina-kobryn/,1,3,1,0,True,False,False
/wnba/ezi-magbegor/,1,3,1,0,True,False,False
/wnba/ezinne-kalu/,1,3,1,0,True,False,False
/wnba/farhiya-abdi/,1,3,1,0,True,False,False
/wnba/flaujae-johnson/,1,3,1,0,True,False,False
/wnba/frieda-buhner/,1,3,1,0,True,False,False
/wnba/gabby-williams/,2,3,1,0,True,False,False
/wnba/gabriela-jaquez/,1,3,1,0,True,False,False
/wnba/gennifer-brandon/,1,3,1,0,True,False,False
/wnba/georgia-amoore/,1,3,1,0,True,False,False
/wnba/gianna-kneepkens/,1,3,1,0,True,False,False
/wnba/glory-johnson/,1,3,1,0,True,False,False
/wnba/grace-berger/,1,3,1,0,True,False,False
/wnba/grace-vanslooten/,1,3,1,0,True,False,False
/wnba/hailey-van-lith/,1,3,1,0,True,False,False
/wnba/haley-jones/,1,3,1,0,True,False,False
/wnba/haley-peters/,1,3,1,0,True,False,False
/wnba/han-xu/,2,3,1,0,True,False,False
/wnba/holly-winterburn/,1,3,1,0,True,False,False
/wnba/iliana-rupert/,1,3,1,0,True,False,False
/wnba/imani-mcgee-stafford/,1,3,1,0,True,False,False
/wnba/indya-nivar/,1,3,1,0,True,False,False
/wnba/isabelle-harrison/,1,3,1,0,True,False,False
/wnba/isobel-borlase/,1,3,1,0,True,False,False
/wnba/ivana-dojkic/,1,3,1,0,True,False,False
/wnba/ivory-latta/,1,3,1,0,True,False,False
/wnba/iziane-castro/,1,3,1,0,True,False,False
/wnba/jacki-gemelos/,1,3,1,0,True,False,False
/wnba/jackie-young/,3,3,1,0,True,False,False
/wnba/jacy-sheldon/,1,3,1,0,True,False,False
/wnba/jade-melbourne/,1,3,1,0,True,False,False
/wnba/jaelyn-brown/,1,3,1,0,True,False,False
/wnba/jaime-nared/,1,3,1,0,True,False,False
/wnba/jamierra-faulkner/,1,3,1,0,True,False,False
/wnba/janel-mccarville/,1,3,1,0,True,False,False
/wnba/janelle-salaun/,1,3,1,0,True,False,False
/wnba/jantel-lavender/,1,3,1,0,True,False,False
/wnba/jasmine-dickey/,1,3,1,0,True,False,False
/wnba/jasmine-hassell/,1,3,1,0,True,False,False
/wnba/jasmine-james/,1,3,1,0,True,False,False
/wnba/jasmine-thomas/,1,3,1,0,True,False,False
/wnba/jasmine-walker/,1,3,1,0,True,False,False
/wnba/jaylyn-sherrod/,1,3,1,0,True,False,False
/wnba/jayne-appel-marinelli/,1,3,1,0,True,False,False
/wnba/jazmine-jones/,1,3,1,0,True,False,False
/wnba/jazmon-gwathmey/,1,3,1,0,True,False,False
/wnba/jeanette-pohlen-mavunga/,1,3,1,0,True,False,False
/wnba/jelena-dubljevic/,1,3,1,0,True,False,False
/wnba/jene-morris/,1,3,1,0,True,False,False
/wnba/jenna-ohea/,1,3,1,0,True,False,False
/wnba/jennie-simms/,1,3,1,0,True,False,False
/wnba/jennifer-hamson/,1,3,1,0,True,False,False
/wnba/jennifer-lacy/,1,3,1,0,True,False,False
/wnba/jessica-adair/,1,3,1,0,True,False,False
/wnba/jessica-breland/,1,3,1,0,True,False,False
/wnba/jessica-davenport/,1,3,1,0,True,False,False
/wnba/jessica-moore/,1,3,1,0,True,False,False
/wnba/jessica-shepard/,2,3,1,0,True,False,False
/wnba/jewell-loyd/,2,3,1,0,True,False,False
/wnba/ji-su-park/,1,3,1,0,True,False,False
/wnba/jia-perkins/,1,3,1,0,True,False,False
/wnba/jihyun-park/,1,3,1,0,True,False,False
/wnba/jj-quinerly/,1,3,1,0,True,False,False
/wnba/jocelyn-willoughby/,1,3,1,0,True,False,False
/wnba/jolene-anderson/,1,3,1,0,True,False,False
/wnba/jonquel-jones/,2,3,1,0,True,False,False
/wnba/jordan-harrison/,1,3,1,0,True,False,False
/wnba/jordan-hooper/,1,3,1,0,True,False,False
/wnba/jordan-horston/,1,3,1,0,True,False,False
/wnba/jordin-canada/,2,3,1,0,True,False,False
/wnba/joslyn-tinkle/,1,3,1,0,True,False,False
/wnba/jovana-nogic/,1,3,1,0,True,False,False
/wnba/joyner-holmes/,1,3,1,0,True,False,False
/wnba/julie-allemand/,1,3,1,0,True,False,False
/wnba/julie-vanloo/,1,3,1,0,True,False,False
/wnba/juste-jocyte/,1,3,1,0,True,False,False
/wnba/justine-pissott/,1,3,1,0,True,False,False
/wnba/kadi-sissoko/,1,3,1,0,True,False,False
/wnba/kaela-davis/,1,3,1,0,True,False,False
/wnba/kahleah-copper/,2,3,1,0,True,False,False
/wnba/kaila-charles/,1,3,1,0,True,False,False
/wnba/kaitlyn-chen/,1,3,1,0,True,False,False
/wnba/kalana-greene/,1,3,1,0,True,False,False
/wnba/kalani-brown/,1,3,1,0,True,False,False
/wnba/kaleena-mosqueda-lewis/,1,3,1,0,True,False,False
/wnba/kamiko-williams/,1,3,1,0,True,False,False
/wnba/kamila-borkowska/,1,3,1,0,True,False,False
/wnba/kamilla-cardoso/,1,3,1,0,True,False,False
/wnba/kara-braxton/,1,3,1,0,True,False,False
/wnba/kara-dunn/,1,3,1,0,True,False,False
/wnba/kara-lawson/,2,3,1,0,True,False,False
/wnba/kariata-diaby/,1,3,1,0,True,False,False
/wnba/karima-christmas-kelly/,1,3,1,0,True,False,False
/wnba/karlie-samuelson/,1,3,1,0,True,False,False
/wnba/kate-martin/,1,3,1,0,True,False,False
/wnba/kathleen-doyle/,1,3,1,0,True,False,False
/wnba/kathryn-westbeld/,1,3,1,0,True,False,False
/wnba/katie-douglas/,1,3,1,0,True,False,False
/wnba/katie-lou-samuelson/,1,3,1,0,True,False,False
/wnba/katie-smith/,1,3,1,0,True,False,False
/wnba/kayla-alexander/,1,3,1,0,True,False,False
/wnba/kayla-mcbride/,3,3,1,0,True,False,False
/wnba/kayla-pedersen/,1,3,1,0,True,False,False
/wnba/kayla-thornton/,2,3,1,0,True,False,False
/wnba/keisha-hampton/,1,3,1,0,True,False,False
/wnba/kelly-faris/,1,3,1,0,True,False,False
/wnba/kelly-miller/,1,3,1,0,True,False,False
/wnba/kelly-santos/,1,3,1,0,True,False,False
/wnba/kelsey-bone/,1,3,1,0,True,False,False
/wnba/kelsey-griffin/,1,3,1,0,True,False,False
/wnba/kelsey-mitchell/,2,3,1,0,True,False,False
/wnba/kelsey-plum/,2,3,1,0,True,False,False
/wnba/kennedy-burke/,1,3,1,0,True,False,False
/wnba/ketia-swanier/,1,3,1,0,True,False,False
/wnba/kia-nurse/,1,3,1,0,True,False,False
/wnba/kia-vaughn/,1,3,1,0,True,False,False
/wnba/kiah-stokes/,1,3,1,0,True,False,False
/wnba/kiana-williams/,1,3,1,0,True,False,False
/wnba/kiara-leslie/,1,3,1,0,True,False,False
/wnba/kierstan-bell/,1,3,1,0,True,False,False
/wnba/kiki-iriafen/,2,3,1,0,True,False,False
/wnba/kiki-rice/,1,3,1,0,True,False,False
/wnba/kim-mestdagh/,1,3,1,0,True,False,False
/wnba/kitija-laksa/,2,3,1,0,True,False,False
/wnba/kristen-mann/,1,3,1,0,True,False,False
/wnba/kristi-toliver/,1,3,1,0,True,False,False
/wnba/kristine-anigwe/,1,3,1,0,True,False,False
/wnba/kristy-wallace/,1,3,1,0,True,False,False
/wnba/krystal-thomas/,1,3,1,0,True,False,False
/wnba/kyara-linskens/,1,3,1,0,True,False,False
/wnba/kylee-shook/,1,3,1,0,True,False,False
/wnba/laeticia-amihere/,1,3,1,0,True,False,False
/wnba/latoya-sanders/,1,3,1,0,True,False,False
/wnba/laura-harper/,1,3,1,0,True,False,False
/wnba/laura-juskaite/,1,3,1,0,True,False,False
/wnba/lauren-betts/,1,3,1,0,True,False,False
/wnba/lauren-jackson/,1,3,1,0,True,False,False
/wnba/laurie-koehn/,1,3,1,0,True,False,False
/wnba/layshia-clarendon/,1,3,1,0,True,False,False
/wnba/leaonna-odom/,1,3,1,0,True,False,False
/wnba/lecoe-willingham/,1,3,1,0,True,False,False
/wnba/leigha-brown/,1,3,1,0,True,False,False
/wnba/leila-lacan/,1,3,1,0,True,False,False
/wnba/leilani-mitchell/,1,3,1,0,True,False,False
/wnba/leonie-fiebich/,3,3,1,0,True,False,False
/wnba/leticia-romero/,1,3,1,0,True,False,False
/wnba/lexi-held/,1,3,1,0,True,False,False
/wnba/lexie-brown/,1,3,1,0,True,False,False
/wnba/lexie-hull/,1,3,1,0,True,False,False
/wnba/li-meng/,1,3,1,0,True,False,False
/wnba/li-yueru/,1,3,1,0,True,False,False
/wnba/liatu-king/,1,3,1,0,True,False,False
/wnba/lindsay-allen/,1,3,1,0,True,False,False
/wnba/lindsay-whalen/,1,3,1,0,True,False,False
/wnba/lindsay-wisdom-hylton/,1,3,1,0,True,False,False
/wnba/lindsey-harding/,1,3,1,0,True,False,False
/wnba/lindsey-moore/,1,3,1,0,True,False,False
/wnba/linnae-harper/,1,3,1,0,True,False,False
/wnba/liz-cambage/,1,3,1,0,True,False,False
/wnba/loree-moore/,1,3,1,0,True,False,False
/wnba/lorela-cubaj/,1,3,1,0,True,False,False
/wnba/lucy-olsen/,1,3,1,0,True,False,False
/wnba/luisa-geiselsoder/,1,3,1,0,True,False,False
/wnba/lynetta-kizer/,1,3,1,0,True,False,False
/wnba/mackenzie-holmes/,1,3,1,0,True,False,False
/wnba/maddy-siegrist/,2,3,1,0,True,False,False
/wnba/maddy-westbeld/,1,3,1,0,True,False,False
/wnba/madina-okot/,1,3,1,0,True,False,False
/wnba/madison-scott/,1,3,1,0,True,False,False
/wnba/maggie-lucas/,1,3,1,0,True,False,False
/wnba/mai-yamamoto/,1,3,1,0,True,False,False
/wnba/maite-cazorla/,1,3,1,0,True,False,False
/wnba/makayla-timpson/,1,3,1,0,True,False,False
/wnba/mamignan-toure/,1,3,1,0,True,False,False
/wnba/maria-conde/,1,3,1,0,True,False,False
/wnba/maria-gakdeng/,1,3,1,0,True,False,False
/wnba/maria-kliundikova/,1,3,1,0,True,False,False
/wnba/marianna-tolo/,1,3,1,0,True,False,False
/wnba/marie-ferdinand-harris/,1,3,1,0,True,False,False
/wnba/marie-guelich/,1,3,1,0,True,False,False
/wnba/mariella-fasoula/,1,3,1,0,True,False,False
/wnba/marina-mabrey/,1,3,1,0,True,False,False
/wnba/marine-fauthoux/,1,3,1,0,True,False,False
/wnba/marine-johannes/,1,3,1,0,True,False,False
/wnba/marissa-coleman/,1,3,1,0,True,False,False
/wnba/markeisha-gatling/,1,3,1,0,True,False,False
/wnba/marquesha-davis/,1,3,1,0,True,False,False
/wnba/marta-suarez/,1,3,1,0,True,False,False
/wnba/marta-xargay/,1,3,1,0,True,False,False
/wnba/matee-ajavon/,1,3,1,0,True,False,False
/wnba/matilde-villa-270867/,1,3,1,0,True,False,False
/wnba/matilde-villa/,0,3,1,0,False,True,False
/wnba/maya-caldwell/,1,3,1,0,True,False,False
/wnba/maya-moore/,1,3,1,0,True,False,False
/wnba/megan-dileo/,1,3,1,0,True,False,False
/wnba/megan-frazee/,1,3,1,0,True,False,False
/wnba/megan-mcconnell/,1,3,1,0,True,False,False
/wnba/megan-walker/,1,3,1,0,True,False,False
/wnba/meighan-simmons/,1,3,1,0,True,False,False
/wnba/mercedes-russell/,1,3,1,0,True,False,False
/wnba/michaela-onyenwere/,1,3,1,0,True,False,False
/wnba/michelle-campbell/,1,3,1,0,True,False,False
/wnba/michelle-onyiah/,1,3,1,0,True,False,False
/wnba/michelle-snow/,1,3,1,0,True,False,False
/wnba/miela-sowah/,1,3,1,0,True,False,False
/wnba/mikiah-herbert-harrigan/,1,3,1,0,True,False,False
/wnba/mistie-mccray-bass/,1,3,1,0,True,False,False
/wnba/monica-wright/,1,3,1,0,True,False,False
/wnba/monique-akoa-makani/,1,3,1,0,True,False,False
/wnba/monique-billings/,1,3,1,0,True,False,False
/wnba/monique-currie/,1,3,1,0,True,False,False
/wnba/morgan-bertsch/,1,3,1,0,True,False,False
/wnba/morgan-maly/,1,3,1,0,True,False,False
/wnba/morgan-tuck/,1,3,1,0,True,False,False
/wnba/moriah-jefferson/,1,3,1,0,True,False,False
/wnba/murjanatu-musa/,1,3,1,0,True,False,False
/wnba/myisha-hines-allen/,1,3,1,0,True,False,False
/wnba/nadia-fingall/,0,3,1,0,True,True,False
/wnba/nadirah-mckenith/,1,3,1,0,True,False,False
/wnba/nakia-sanford/,1,3,1,0,True,False,False
/wnba/nalyssa-smith/,1,3,1,0,True,False,False
/wnba/napheesa-collier/,4,3,1,0,True,False,False
/wnba/natalie-achonwa/,1,3,1,0,True,False,False
/wnba/natalie-novosel/,1,3,1,0,True,False,False
/wnba/natasha-cloud/,1,3,1,0,True,False,False
/wnba/natasha-howard/,2,3,1,0,True,False,False
/wnba/natasha-lacy/,1,3,1,0,True,False,False
/wnba/natasha-mack/,1,3,1,0,True,False,False
/wnba/natisha-hiedeman/,1,3,1,0,True,False,False
/wnba/nayo-raincock-ekunwe/,1,3,1,0,True,False,False
/wnba/naz-hillmon/,1,3,1,0,True,False,False
/wnba/ndjakalenga-mwenentanda/,1,3,1,0,True,False,False
/wnba/nell-angloma/,1,3,1,0,True,False,False
/wnba/nia-clouden/,1,3,1,0,True,False,False
/wnba/nia-coffey/,3,3,1,0,True,False,False
/wnba/nicky-anosike/,1,3,1,0,True,False,False
/wnba/nicole-powell/,1,3,1,0,True,False,False
/wnba/nikki-greene/,1,3,1,0,True,False,False
/wnba/nikolina-milic/,1,3,1,0,True,False,False
/wnba/nneka-ogwumike/,1,3,1,0,True,False,False
/wnba/noelle-quinn/,1,3,1,0,True,False,False
/wnba/noemie-brochant/,1,3,1,0,True,False,False
/wnba/nyadiew-puoch/,1,3,1,0,True,False,False
/wnba/nyara-sabally/,1,3,1,0,True,False,False
/wnba/odyssey-sims/,1,3,1,0,True,False,False
/wnba/olivia-epoupa/,1,3,1,0,True,False,False
/wnba/olivia-miles/,3,3,1,0,True,False,False
/wnba/olivia-nelson-ododa/,1,3,1,0,True,False,False
/wnba/ornella-bankole/,1,3,1,0,True,False,False
/wnba/paige-bueckers/,3,3,1,0,True,False,False
/wnba/pauline-astier/,3,3,1,0,True,False,False
/wnba/penny-taylor/,1,3,1,0,True,False,False
/wnba/peyton-williams/,1,3,1,0,True,False,False
/wnba/plenette-pierson/,1,3,1,0,True,False,False
/wnba/quanitra-hollingsworth/,1,3,1,0,True,False,False
/wnba/queen-egbo/,1,3,1,0,True,False,False
/wnba/quionche-carter/,1,3,1,0,True,False,False
/wnba/rachel-banham/,1,3,1,0,True,False,False
/wnba/rachel-hollivay/,1,3,1,0,True,False,False
/wnba/rachel-jarry/,1,3,1,0,True,False,False
/wnba/rae-burrell/,1,3,1,0,True,False,False
/wnba/raegan-beers/,1,3,1,0,True,False,False
/wnba/ramu-tokashiki/,1,3,1,0,True,False,False
/wnba/raquel-carrera/,1,3,1,0,True,False,False
/wnba/raven-johnson/,2,3,1,0,True,False,False
/wnba/rayah-marshall/,1,3,1,0,True,False,False
/wnba/rebecca-allen/,1,3,1,0,True,False,False
/wnba/rebekah-gardner/,1,3,1,0,True,False,False
/wnba/rebekkah-brunson/,1,3,1,0,True,False,False
/wnba/renee-montgomery/,1,3,1,0,True,False,False
/wnba/reshanda-gray/,1,3,1,0,True,False,False
/wnba/rhyne-howard/,3,3,1,0,True,False,False
/wnba/rickea-jackson/,1,3,1,0,True,False,False
/wnba/riquna-williams/,1,3,1,0,True,False,False
/wnba/robyn-parks/,1,3,1,0,True,False,False
/wnba/roneeka-hodges/,1,3,1,0,True,False,False
/wnba/rori-harmon/,1,3,1,0,True,False,False
/wnba/rui-machida/,1,3,1,0,True,False,False
/wnba/ruth-riley/,1,3,1,0,True,False,False
/wnba/ruthy-hebard/,1,3,1,0,True,False,False
/wnba/sabrina-ionescu/,3,3,1,0,True,False,False
/wnba/sam-thomas/,1,3,1,0,True,False,False
/wnba/samantha-prahalis/,1,3,1,0,True,False,False
/wnba/sami-whitcomb/,1,3,1,0,True,False,False
/wnba/sancho-lyttle/,1,3,1,0,True,False,False
/wnba/sandrine-gruda/,1,3,1,0,True,False,False
/wnba/sania-feagin/,1,3,1,0,True,False,False
/wnba/saniya-chong/,1,3,1,0,True,False,False
/wnba/saniya-rivers/,1,3,1,0,True,False,False
/wnba/sarah-ashlee-barker/,1,3,1,0,True,False,False
/wnba/sasha-goodlett/,1,3,1,0,True,False,False
/wnba/satou-sabally/,1,3,1,0,True,False,False
/wnba/saylor-poffenbarger/,1,3,1,0,True,False,False
/wnba/scholanda-dorrell/,1,3,1,0,True,False,False
/wnba/seimone-augustus/,1,3,1,0,True,False,False
/wnba/sequoia-holmes/,1,3,1,0,True,False,False
/wnba/serah-williams/,1,3,1,0,True,False,False
/wnba/sevgi-uzun/,1,3,1,0,True,False,False
/wnba/shae-kelley/,1,3,1,0,True,False,False
/wnba/shakira-austin/,2,3,1,0,True,False,False
/wnba/shameka-christon/,1,3,1,0,True,False,False
/wnba/shanece-mckinney/,1,3,1,0,True,False,False
/wnba/shannon-bobbitt/,1,3,1,0,True,False,False
/wnba/shatori-walker-kimbrough/,1,3,1,0,True,False,False
/wnba/shavonte-zellous/,1,3,1,0,True,False,False
/wnba/shay-ciezki/,1,3,1,0,True,False,False
/wnba/shay-murphy/,1,3,1,0,True,False,False
/wnba/shekinna-stricklen/,1,3,1,0,True,False,False
/wnba/shenise-johnson/,1,3,1,0,True,False,False
/wnba/sheri-sam/,1,3,1,0,True,False,False
/wnba/shey-peddy/,1,3,1,0,True,False,False
/wnba/shoni-schimmel/,1,3,1,0,True,False,False
/wnba/shyanne-sellers/,1,3,1,0,True,False,False
/wnba/shyra-ely-gash/,1,3,1,0,True,False,False
/wnba/sika-kone/,1,3,1,0,True,False,False
/wnba/skylar-diggins/,1,3,1,0,True,False,False
/wnba/sonia-citron/,2,3,1,0,True,False,False
/wnba/sonja-petrovic/,1,3,1,0,True,False,False
/wnba/sophia-young-malcolm/,1,3,1,0,True,False,False
/wnba/sophie-cunningham/,1,3,1,0,True,False,False
/wnba/stefanie-dolson/,1,3,1,0,True,False,False
/wnba/stephanie-jones/,1,3,1,0,True,False,False
/wnba/stephanie-mavunga/,1,3,1,0,True,False,False
/wnba/stephanie-talbot/,1,3,1,0,True,False,False
/wnba/sue-bird/,1,3,1,0,True,False,False
/wnba/sug-sutton/,1,3,1,0,True,False,False
/wnba/sugar-rodgers/,1,3,1,0,True,False,False
/wnba/suzy-batkovic/,1,3,1,0,True,False,False
/wnba/svetlana-abrosimova/,1,3,1,0,True,False,False
/wnba/swin-cash/,1,3,1,0,True,False,False
/wnba/sydney-carter/,1,3,1,0,True,False,False
/wnba/sydney-colson/,1,3,1,0,True,False,False
/wnba/sydney-taylor/,1,3,1,0,True,False,False
/wnba/sydney-wiese/,1,3,1,0,True,False,False
/wnba/sylvia-fowles/,1,3,1,0,True,False,False
/wnba/taina-mair/,1,3,1,0,True,False,False
/wnba/taj-mcwilliams-franklin/,1,3,1,0,True,False,False
/wnba/tamera-young/,1,3,1,0,True,False,False
/wnba/tamika-catchings/,1,3,1,0,True,False,False
/wnba/tammy-sutton-brown/,1,3,1,0,True,False,False
/wnba/tan-white/,1,3,1,0,True,False,False
/wnba/tangela-smith/,1,3,1,0,True,False,False
/wnba/tanisha-wright/,1,3,1,0,True,False,False
/wnba/taniya-latson/,1,3,1,0,True,False,False
/wnba/tayler-hill/,1,3,1,0,True,False,False
/wnba/taylor-soule/,1,3,1,0,True,False,False
/wnba/taylor-thierry/,1,3,1,0,True,False,False
/wnba/te-hina-paopao/,1,3,1,0,True,False,False
/wnba/tea-cooper/,1,3,1,0,True,False,False
/wnba/teaira-mccowan/,1,3,1,0,True,False,False
/wnba/teja-oblak/,1,3,1,0,True,False,False
/wnba/temeka-johnson/,1,3,1,0,True,False,False
/wnba/temi-fagbenle/,1,3,1,0,True,False,False
/wnba/teonni-key/,1,3,1,0,True,False,False
/wnba/theresa-plaisance/,1,3,1,0,True,False,False
/wnba/tianna-hawkins/,1,3,1,0,True,False,False
/wnba/ticha-penicheiro/,1,3,1,0,True,False,False
/wnba/tierra-ruffin-pratt/,1,3,1,0,True,False,False
/wnba/tiffany-bias/,1,3,1,0,True,False,False
/wnba/tiffany-hayes/,2,3,1,0,True,False,False
/wnba/tiffany-jackson-jones/,1,3,1,0,True,False,False
/wnba/tiffany-mitchell/,1,3,1,0,True,False,False
/wnba/tina-charles/,1,3,1,0,True,False,False
/wnba/tina-thompson/,1,3,1,0,True,False,False
/wnba/toni-young/,1,3,1,0,True,False,False
/wnba/tonie-morgan/,1,3,1,0,True,False,False
/wnba/tricia-liston/,1,3,1,0,True,False,False
/wnba/tully-bevilaqua/,1,3,1,0,True,False,False
/wnba/tyasha-harris/,1,3,1,0,True,False,False
/wnba/valeriane-ayayi/,1,3,1,0,True,False,False
/wnba/veronica-burton/,2,3,1,0,True,False,False
/wnba/vicki-baugh/,1,3,1,0,True,False,False
/wnba/vickie-johnson/,1,3,1,0,True,False,False
/wnba/victaria-saxton/,1,3,1,0,True,False,False
/wnba/victoria-dunlap/,1,3,1,0,True,False,False
/wnba/victoria-vivians/,1,3,1,0,True,False,False
/wnba/yelena-leuchanka/,1,3,1,0,True,False,False
/wnba/yuko-oga/,1,3,1,0,True,False,False
/wnba/yvonne-anderson/,1,3,1,0,True,False,False
/wnba/yvonne-turner/,1,3,1,0,True,False,False
/wnba/zaay-green/,1,3,1,0,True,False,False
/wnba/zia-cooke/,1,3,1,0,True,False,False
/wnba/ziomara-morrison/,1,3,1,0,True,False,False
